{"_timestamp":1.7652128699748974e+09,"_step":9999,"step":9999,"loss":0.0006117136217653751,"_wandb":{"runtime":257},"_runtime":257,"lr":7.402203233697292e-12}