{"_step":19999,"_wandb":{"runtime":523},"_runtime":523,"step":19999,"loss":0.0005809782305732369,"lr":1.8505508292410286e-12,"_timestamp":1.7652690933614063e+09}