{"_step":99999,"step":99999,"loss":0.38003504276275635,"_wandb":{"runtime":3902},"_runtime":3902,"lr":7.402203849871315e-14,"_timestamp":1.7651957087348192e+09}